
-- phpMyAdmin SQL Dump
-- version 3.5.2.2
-- http://www.phpmyadmin.net
--
-- Host: localhost
-- Generation Time: Apr 20, 2017 at 03:38 PM
-- Server version: 10.0.28-MariaDB
-- PHP Version: 5.2.17

SET SQL_MODE="NO_AUTO_VALUE_ON_ZERO";
SET time_zone = "+00:00";


/*!40101 SET @OLD_CHARACTER_SET_CLIENT=@@CHARACTER_SET_CLIENT */;
/*!40101 SET @OLD_CHARACTER_SET_RESULTS=@@CHARACTER_SET_RESULTS */;
/*!40101 SET @OLD_COLLATION_CONNECTION=@@COLLATION_CONNECTION */;
/*!40101 SET NAMES utf8 */;

--
-- Database: `u894942780_db`
--

-- --------------------------------------------------------

--
-- Table structure for table `bookingslot`
--

CREATE TABLE IF NOT EXISTS `bookingslot` (
  `transid` varchar(30) COLLATE utf8_unicode_ci NOT NULL,
  `username` varchar(30) COLLATE utf8_unicode_ci NOT NULL,
  `slotid` varchar(20) COLLATE utf8_unicode_ci DEFAULT NULL,
  `dat` date DEFAULT NULL,
  `stime` time DEFAULT NULL,
  `etime` time NOT NULL,
  `hours` int(10) NOT NULL,
  `bookingtime` timestamp NOT NULL DEFAULT CURRENT_TIMESTAMP,
  `entry` int(5) NOT NULL DEFAULT '0',
  `halfway` int(5) NOT NULL DEFAULT '0',
  PRIMARY KEY (`transid`)
) ENGINE=MyISAM DEFAULT CHARSET=utf8 COLLATE=utf8_unicode_ci;

--
-- Dumping data for table `bookingslot`
--

INSERT INTO `bookingslot` (`transid`, `username`, `slotid`, `dat`, `stime`, `etime`, `hours`, `bookingtime`, `entry`, `halfway`) VALUES
('58d34123e55f4', 'edwin', 'A2', '2017-03-24', '03:00:00', '06:00:00', 3, '2017-03-23 08:59:39', 1, 1),
('58d3416588fac', 'edwin', 'A3', '2017-03-24', '04:00:00', '06:00:00', 2, '2017-03-23 09:00:45', 0, 0),
('58d343455d6d9', 'edwin', 'A4', '2017-03-23', '03:10:00', '04:10:00', 1, '2017-03-23 09:08:45', 0, 0),
('58da32954e22d', 'edwin', 'A2', '2017-03-28', '03:23:00', '06:23:00', 3, '2017-03-28 15:23:25', 1, 0),
('58da8d7be316b', 'edwin', 'A1', '2017-04-01', '03:17:00', '04:17:00', 1, '2017-03-28 21:51:15', 1, 1),
('58da8de14e2ea', 'edwin', 'A2', '2017-03-09', '02:10:00', '08:10:00', 6, '2017-03-28 21:52:57', 0, 0),
('58dbb73a1dbb8', 'edwin', 'A4', '2017-03-30', '09:00:00', '12:00:00', 3, '2017-03-29 19:01:38', 0, 0),
('58dbb7872da45', 'edwin', 'A5', '2017-03-30', '09:00:00', '12:00:00', 3, '2017-03-29 19:02:55', 0, 0),
('58dbb7b14fd74', 'edwin', 'A3', '2017-03-30', '03:01:00', '06:01:00', 3, '2017-03-29 19:03:37', 0, 0),
('58dbb7f7b141a', 'edwin', 'A2', '2017-03-30', '19:05:00', '21:05:00', 2, '2017-03-29 19:04:47', 0, 0),
('58dbb93442f35', 'edwin', 'A1', '2017-03-30', '09:15:00', '10:15:00', 1, '2017-03-29 19:10:04', 0, 0),
('58dbb989909b5', 'edwin', 'A6', '2017-03-30', '10:11:00', '11:11:00', 1, '2017-03-29 19:11:29', 0, 0),
('58dbc45986a49', 'edwin', 'A1', '2017-03-29', '12:30:00', '13:30:00', 1, '2017-03-29 19:57:37', 0, 0),
('58dbc67e2064a', 'edwin', 'A1', '2017-03-29', '03:30:00', '04:30:00', 1, '2017-03-29 20:06:46', 0, 0),
('58dbca8b1d89d', 'edwin', 'A1', '2017-03-29', '06:24:00', '07:24:00', 1, '2017-03-29 20:24:03', 1, 0),
('58dbd28a80d7d', 'edwin', 'A2', '2017-03-30', '12:30:00', '13:30:00', 1, '2017-03-29 20:58:10', 0, 0),
('58dbeb86f4112', 'edwin', 'A1', '2017-03-30', '03:30:00', '06:30:00', 3, '2017-03-29 22:44:46', 0, 0),
('58dbec007aa41', 'edwin', 'A2', '2017-03-30', '03:30:00', '04:30:00', 4, '2017-03-29 22:46:48', 0, 0),
('58dbee3490c5c', 'edwin', 'A1', '2017-03-31', '12:56:00', '13:56:00', 13, '2017-03-29 22:56:12', 0, 0),
('58dbeef9824d3', 'alangp', 'A1', '2017-03-29', '15:00:00', '16:00:00', 1, '2017-03-29 22:59:29', 1, 1),
('58dbf5e1954e9', 'alangp', 'A1', '2017-03-30', '03:00:00', '04:00:00', 1, '2017-03-29 23:28:57', 1, 1),
('58dbf71b5a3e4', 'alangp', 'A2', '2017-03-29', '03:30:00', '04:30:00', 1, '2017-03-29 23:34:11', 1, 0),
('58dbf74e75b55', 'alangp', 'A2', '2017-03-30', '12:35:00', '13:35:00', 20, '2017-03-29 23:35:02', 1, 1),
('58dc748769ecc', 'alangp', 'A4', '2017-03-31', '11:29:00', '12:29:00', 3, '2017-03-30 08:29:19', 1, 1),
('58ddefcd2e90b', 'edwin', 'A1', '2017-04-01', '11:28:00', '13:28:00', 2, '2017-03-31 11:27:33', 1, 1),
('58ddf031ebb77', 'edwin', 'A2', '2017-04-01', '12:29:00', '13:29:00', 1, '2017-03-31 11:29:13', 0, 0),
('58ddf63f02269', 'alangp', 'A2', '2017-04-01', '12:30:00', '13:30:00', 1, '2017-03-31 11:55:03', 1, 1),
('58ddf87746f12', 'edwin', 'A1', '2017-03-31', '06:05:00', '07:05:00', 1, '2017-03-31 12:04:31', 1, 1),
('58de0bb8a3942', 'alangp', 'A1', '2017-04-01', '06:00:00', '09:00:00', 3, '2017-03-31 13:26:40', 1, 1),
('58de100fc6be9', 'alangp', 'A1', '2017-03-31', '13:45:00', '14:45:00', 1, '2017-03-31 13:45:11', 1, 1),
('58de1065406e6', 'alangp', 'A2', '2017-03-31', '13:47:00', '14:47:00', 3, '2017-03-31 13:46:37', 1, 1),
('58de10b004ad1', 'alangp', 'A1', '2017-03-31', '13:48:00', '14:48:00', 4, '2017-03-31 13:47:52', 1, 1),
('58df78eeb5b7d', 'alangp', 'A2', '2017-04-01', '15:25:00', '16:25:00', 1, '2017-04-01 15:24:54', 1, 1),
('58e0d426a93db', 'alangp', 'A1', '2017-04-02', '16:06:00', '17:06:00', 1, '2017-04-02 16:06:22', 1, 1),
('58e0d72429d8d', 'alangp', 'A2', '2017-04-02', '04:00:00', '05:00:00', 1, '2017-04-02 16:19:08', 0, 0),
('58e0e09247f4e', 'alangp', 'A1', '2017-04-02', '06:00:00', '07:00:00', 1, '2017-04-02 16:59:22', 1, 1),
('58e0d80b29dd7', 'edwin', 'A5', '2017-04-02', '06:00:00', '09:00:00', 3, '2017-04-02 16:22:59', 0, 0),
('58e0e6311e6ae', 'alangp', 'A2', '2017-04-02', '06:15:00', '08:15:00', 2, '2017-04-02 17:23:21', 1, 1),
('58e0ebe12cc62', 'alangp', 'A1', '2017-04-04', '05:00:00', '06:00:00', 1, '2017-04-02 17:47:37', 1, 1),
('58e0ecc7e996f', 'alangp', 'A1', '2017-04-03', '03:00:00', '04:00:00', 1, '2017-04-02 17:51:27', 1, 1),
('58e0ed1cf105b', 'alangp', 'A2', '2017-04-03', '09:00:00', '10:00:00', 1, '2017-04-02 17:52:52', 1, 1),
('58e0ee5db82d5', 'alangp', 'A1', '2017-04-05', '17:58:00', '18:58:00', 1, '2017-04-02 17:58:13', 1, 1),
('58e2eeefe7746', 'alangp', '', '2017-04-04', '12:30:00', '13:30:00', 3, '2017-04-04 06:25:11', 0, 0),
('58e2ef9ed43e4', 'alangp', 'A2', '2017-04-05', '12:30:00', '13:30:00', 1, '2017-04-04 06:28:06', 1, 1),
('58e3213977fa0', 'edwin', 'A2', '2017-04-04', '10:00:00', '11:00:00', 1, '2017-04-04 09:59:45', 0, 0),
('58e3695a4b14d', 'alangp', 'A1', '2017-04-07', '15:08:00', '16:08:00', 1, '2017-04-04 15:07:30', 1, 1),
('58e36c8705dab', 'alangp', 'A1', '2017-04-05', '12:30:00', '14:30:00', 5, '2017-04-04 15:21:03', 1, 1),
('58e372962f96d', 'alangp', 'A1', '2017-04-07', '06:00:00', '07:00:00', 1, '2017-04-04 15:46:54', 1, 0),
('58e377e9c6a72', 'alangp', 'A1', '2017-04-09', '12:30:00', '15:30:00', 3, '2017-04-04 16:09:37', 1, 1),
('58e37854bd095', 'alangp', 'A2', '2017-04-11', '12:15:00', '13:15:00', 1, '2017-04-04 16:11:24', 1, 1),
('58e43cbf03204', 'edwin', 'A1', '2017-04-08', '09:00:00', '12:00:00', 7, '2017-04-05 06:09:27', 1, 0),
('58e457ce68cac', 'kevin', 'A2', '2017-04-08', '07:00:00', '10:00:00', 3, '2017-04-05 08:04:54', 0, 0),
('58e4f4f43dce2', 'alangp', 'A1', '2017-04-05', '03:00:00', '05:00:00', 2, '2017-04-05 19:15:24', 1, 1),
('58e60cfe6421c', 'alangp', 'A1', '2017-04-06', '04:10:00', '05:10:00', 1, '2017-04-06 15:10:14', 1, 1),
('58e60dea6f300', 'alangp', 'A1', '2017-04-08', '03:00:00', '04:00:00', 1, '2017-04-06 15:14:10', 1, 0),
('58e60effe61bb', 'alangp', 'A1', '2017-04-16', '15:19:00', '16:19:00', 1, '2017-04-06 15:18:47', 1, 1),
('58e60f5597fce', 'alangp', 'A1', '2017-04-22', '15:20:00', '16:20:00', 1, '2017-04-06 15:20:13', 1, 1),
('58e60f9ba0958', 'alangp', 'A1', '2017-04-28', '15:21:00', '16:21:00', 1, '2017-04-06 15:21:23', 1, 1),
('58e60ff0d888e', 'alangp', 'A1', '2017-04-30', '15:23:00', '16:23:00', 1, '2017-04-06 15:22:48', 0, 0),
('58e6100cbce93', 'alangp', 'A1', '2017-04-06', '12:29:00', '13:29:00', 1, '2017-04-06 15:23:16', 1, 1),
('58e6109e5c8bd', 'alangp', 'A1', '2017-04-25', '08:26:00', '09:26:00', 1, '2017-04-06 15:25:42', 1, 0),
('58e610c4be392', 'alangp', 'A1', '2017-04-20', '15:26:00', '16:26:00', 1, '2017-04-06 15:26:20', 1, 0),
('58e611860367c', 'alangp', 'A1', '2017-04-21', '03:30:00', '04:30:00', 1, '2017-04-06 15:29:34', 1, 1),
('58e6123305d2f', 'alangp', 'A1', '2017-04-22', '03:33:00', '04:33:00', 1, '2017-04-06 15:32:27', 1, 0),
('58e6128346abf', 'alangp', 'A1', '2017-04-27', '15:34:00', '16:34:00', 1, '2017-04-06 15:33:47', 1, 1),
('58e613de5274f', 'alangp', 'A1', '2017-04-30', '03:40:00', '04:40:00', 1, '2017-04-06 15:39:34', 1, 1),
('58e6143bb0fbf', 'alangp', 'A2', '2017-04-30', '03:41:00', '04:41:00', 1, '2017-04-06 15:41:07', 1, 1),
('58e61482ef682', 'alangp', 'A1', '2017-04-12', '15:42:00', '16:42:00', 1, '2017-04-06 15:42:18', 1, 1),
('58e617f3857b0', 'alangp', 'A2', '2017-04-08', '03:57:00', '06:57:00', 7, '2017-04-06 15:56:59', 1, 0),
('58e63681db04d', 'alangp', 'A2', '2017-04-06', '18:07:00', '19:07:00', 1, '2017-04-06 18:07:21', 1, 1),
('58e637b33763d', 'alangp', 'A2', '2017-04-26', '12:30:00', '13:30:00', 1, '2017-04-06 18:12:27', 0, 0),
('58e637cf2ad71', 'alangp', 'A1', '2017-04-28', '18:13:00', '19:13:00', 1, '2017-04-06 18:12:55', 1, 0),
('58e638d3276eb', 'kevin', 'A1', '2017-04-21', '12:15:00', '13:15:00', 1, '2017-04-06 18:17:15', 0, 0),
('58e63934f2654', 'alangp', 'A1', '2017-04-23', '09:19:00', '10:19:00', 1, '2017-04-06 18:18:52', 1, 1),
('58e63afa987fb', 'alangp', 'A1', '2017-04-08', '00:30:00', '01:30:00', 1, '2017-04-06 18:26:26', 1, 0),
('58e63b8f44cbd', 'alangp', 'A1', '2017-05-01', '06:00:00', '09:00:00', 3, '2017-04-06 18:28:55', 1, 1),
('58e63d1e44fc7', 'alangp', 'A1', '2017-04-29', '01:30:00', '02:30:00', 1, '2017-04-06 18:35:34', 1, 1),
('58e63e3f23016', 'alangp', 'A1', '2017-05-19', '18:40:00', '19:40:00', 1, '2017-04-06 18:40:23', 1, 1),
('58e6405e9c3ba', 'alangp', 'A1', '2017-05-15', '03:00:00', '04:00:00', 1, '2017-04-06 18:49:26', 1, 1),
('58e640ab8dcde', 'alangp', 'A2', '2017-04-27', '18:51:00', '19:51:00', 1, '2017-04-06 18:50:43', 0, 0),
('58e6418470a4d', 'alangp', 'A2', '2017-04-16', '06:00:00', '07:00:00', 1, '2017-04-06 18:54:20', 0, 0),
('58e6419c9a48f', 'alangp', 'A1', '2017-05-02', '18:55:00', '19:55:00', 1, '2017-04-06 18:54:44', 1, 1),
('58e64288020ef', 'alangp', 'A1', '2017-04-07', '18:59:00', '19:59:00', 1, '2017-04-06 18:58:40', 1, 1),
('58e6435458499', 'alangp', 'A1', '2017-05-12', '03:30:00', '05:30:00', 2, '2017-04-06 19:02:04', 1, 1),
('58e6439733ac5', 'alangp', 'A1', '2017-04-21', '18:00:00', '19:00:00', 1, '2017-04-06 19:03:11', 1, 1),
('58e643f4c450e', 'alangp', 'A1', '2017-06-10', '09:00:00', '13:00:00', 4, '2017-04-06 19:04:44', 1, 1),
('58e6471ea1caf', 'edwin', 'A3', '2017-04-07', '18:20:00', '19:20:00', 3, '2017-04-06 19:18:14', 0, 0),
('58e64b26357b0', 'edwin', 'A2', '2017-01-07', '06:30:00', '09:30:00', 3, '2017-04-06 19:35:26', 0, 0),
('58e654aa6291f', 'georgephilip', 'A1', '2017-06-12', '12:30:00', '15:30:00', 3, '2017-04-06 20:16:02', 1, 0),
('58e654e5edf46', 'georgephilip', 'A1', '2017-06-24', '20:17:00', '21:17:00', 1, '2017-04-06 20:17:01', 1, 0),
('58e6554d91e33', 'georgephilip', 'A1', '2017-07-06', '20:19:00', '21:19:00', 1, '2017-04-06 20:18:45', 1, 1),
('58e656929ab0a', 'alangp', 'A1', '2017-05-25', '20:24:00', '21:24:00', 1, '2017-04-06 20:24:10', 1, 1),
('58e870e480c78', 'alangp', 'A2', '2017-04-08', '12:30:00', '13:30:00', 1, '2017-04-08 10:41:00', 0, 0),
('58e911e2cd48e', 'edwin', 'A1', '2017-04-15', '22:08:00', '23:08:00', 1, '2017-04-08 22:07:54', 0, 0),
('58eb94e44c75f', 'alangp', 'A1', '2017-04-10', '12:51:00', '13:51:00', 1, '2017-04-10 19:51:24', 1, 1),
('58eb952c5cedb', 'alangp', 'A1', '2017-04-11', '12:53:00', '13:53:00', 1, '2017-04-10 19:52:36', 1, 1),
('58eb956c779de', 'alangp', 'A1', '2017-04-12', '19:54:00', '20:54:00', 1, '2017-04-10 19:53:40', 1, 1),
('58ebb0eb5fb58', 'alangp', 'A1', '2017-04-23', '12:30:00', '13:30:00', 1, '2017-04-10 21:50:59', 1, 1),
('58ebb1201bcc6', 'alangp', 'A1', '2017-04-13', '21:52:00', '22:52:00', 1, '2017-04-10 21:51:52', 1, 1),
('58ebb18a13bff', 'alangp', 'A1', '2017-04-15', '12:30:00', '13:30:00', 1, '2017-04-10 21:53:38', 1, 1),
('58ebb20baef46', 'alangp', 'A1', '2017-04-27', '12:29:00', '13:29:00', 1, '2017-04-10 21:55:47', 1, 1),
('58ec2e905b5d4', 'alangp', 'A1', '2017-04-11', '03:00:00', '04:00:00', 1, '2017-04-11 06:47:04', 1, 1),
('58ec2ef2c217c', 'alangp', 'A1', '2017-04-11', '04:10:00', '05:10:00', 1, '2017-04-11 06:48:42', 1, 1),
('58ec2f67dcd97', 'alangp', 'A1', '2017-04-11', '05:15:00', '06:15:00', 1, '2017-04-11 06:50:39', 1, 1),
('58ec304f915b6', 'alangp', 'A2', '2017-04-11', '03:55:00', '04:55:00', 1, '2017-04-11 06:54:31', 1, 1),
('58ec309315402', 'alangp', 'A2', '2017-04-11', '06:56:00', '07:56:00', 1, '2017-04-11 06:55:39', 1, 1),
('58ec310489014', 'alangp', 'A2', '2017-04-12', '06:58:00', '07:58:00', 1, '2017-04-11 06:57:32', 1, 1),
('58ec9afa6e440', 'alangp', 'A1', '2017-04-20', '12:30:00', '13:30:00', 1, '2017-04-11 14:29:38', 1, 0),
('58ec9f4775906', 'edwin', 'A2', '2017-04-14', '06:00:00', '07:00:00', 1, '2017-04-11 14:47:59', 1, 0),
('58eca775a90b7', 'alangp', 'A1', '2017-04-13', '15:23:00', '16:23:00', 1, '2017-04-11 15:22:53', 1, 1),
('58eca87a63b6f', 'alangp', 'A1', '2017-04-14', '12:30:00', '13:30:00', 1, '2017-04-11 15:27:14', 1, 1),
('58eca8ec8cae4', 'alangp', 'A1', '2017-04-14', '03:30:00', '04:30:00', 1, '2017-04-11 15:29:08', 1, 1),
('58ecae9190d81', 'alangp', 'A2', '2017-04-21', '12:15:00', '13:15:00', 1, '2017-04-11 15:53:13', 1, 0),
('58ecb0d4b987a', 'alangp', 'A1', '2017-04-15', '16:03:00', '17:03:00', 1, '2017-04-11 16:02:52', 1, 0),
('58ecb16d2efaf', 'alangp', 'A1', '2017-05-11', '06:00:00', '07:00:00', 1, '2017-04-11 16:05:25', 1, 1),
('58ecb71de4b34', 'alangp', 'A1', '2017-05-01', '12:30:00', '14:30:00', 2, '2017-04-11 16:29:41', 1, 1),
('58ecb97b8fc89', 'edwin', 'A1', '2017-06-01', '09:00:00', '12:00:00', 3, '2017-04-11 16:39:47', 0, 0),
('58ecbb054a68a', 'edwin', 'A1', '2017-05-10', '09:00:00', '12:00:00', 3, '2017-04-11 16:46:21', 0, 0),
('58ecbb352e455', 'edwin', 'A1', '2017-04-10', '09:00:00', '10:00:00', 1, '2017-04-11 16:47:09', 0, 0);

-- --------------------------------------------------------

--
-- Table structure for table `parkingslot`
--

CREATE TABLE IF NOT EXISTS `parkingslot` (
  `slotid` varchar(20) NOT NULL DEFAULT '',
  `status` int(11) DEFAULT NULL,
  `vechileno` varchar(20) DEFAULT NULL,
  PRIMARY KEY (`slotid`)
) ENGINE=MyISAM DEFAULT CHARSET=latin1;

--
-- Dumping data for table `parkingslot`
--

INSERT INTO `parkingslot` (`slotid`, `status`, `vechileno`) VALUES
('A1', 1, 'KL08A3454'),
('A2', 0, 'KL07B6094');

-- --------------------------------------------------------

--
-- Table structure for table `qrcode`
--

CREATE TABLE IF NOT EXISTS `qrcode` (
  `transid` varchar(20) COLLATE utf8_unicode_ci NOT NULL,
  `username` varchar(50) COLLATE utf8_unicode_ci DEFAULT NULL,
  `slotid` varchar(10) COLLATE utf8_unicode_ci DEFAULT NULL,
  `dat` date DEFAULT NULL,
  `tim` time DEFAULT NULL,
  `tstamp` timestamp NOT NULL DEFAULT CURRENT_TIMESTAMP
) ENGINE=MyISAM DEFAULT CHARSET=utf8 COLLATE=utf8_unicode_ci;

--
-- Dumping data for table `qrcode`
--

INSERT INTO `qrcode` (`transid`, `username`, `slotid`, `dat`, `tim`, `tstamp`) VALUES
('58dc748769ecc', 'alangp', 'A4', '2017-03-31', '11:29:00', '2017-03-31 10:38:37'),
('58dc748769ecc', 'alangp', 'A4', '2017-03-31', '11:29:00', '2017-03-31 10:24:11'),
('58dc748769ecc', 'alangp', 'A4', '2017-03-31', '11:29:00', '2017-03-31 10:22:35'),
('58dc748769ecc', 'alangp', 'A4', '2017-03-31', '11:29:00', '2017-03-31 10:21:00'),
('58dc748769ecc', 'alangp', 'A4', '2017-03-31', '11:29:00', '2017-03-31 10:20:06'),
('58dc748769ecc', 'alangp', 'A4', '2017-03-31', '11:29:00', '2017-03-31 10:12:11'),
('58dc748769ecc', 'alangp', 'A4', '2017-03-31', '11:29:00', '2017-03-31 09:49:40'),
('58dc748769ecc', 'alangp', 'A4', '2017-03-31', '11:29:00', '2017-03-31 09:47:59'),
('58dc748769ecc', 'alangp', 'A4', '2017-03-31', '11:29:00', '2017-03-31 09:47:32'),
('58dc748769ecc', 'alangp', 'A4', '2017-03-31', '11:29:00', '2017-03-31 09:46:56'),
('58da8d7be316b', 'edwin', 'A1', '2017-03-31', '12:51:00', '2017-03-29 23:42:13'),
('58da8d7be316b', 'edwin', 'A1', '2017-03-31', '12:51:00', '2017-03-29 23:41:40'),
('58dbf74e75b55', 'alangp', 'A2', '2017-03-30', '12:35:00', '2017-03-29 23:35:22'),
('58da8d7be316b', 'edwin', 'A1', '2017-03-31', '12:51:00', '2017-03-29 23:34:38'),
('58dbf71b5a3e4', 'alangp', 'A2', '2017-03-29', '03:30:00', '2017-03-29 23:34:37'),
('58dbf5e1954e9', 'alangp', 'A1', '2017-03-30', '03:00:00', '2017-03-29 23:32:06'),
('58dbeef9824d3', 'alangp', 'A1', '2017-03-29', '15:00:00', '2017-03-29 23:28:17'),
('58dbeef9824d3', 'alangp', 'A1', '2017-03-29', '15:00:00', '2017-03-29 23:27:44'),
('58dbeef9824d3', 'alangp', 'A1', '2017-03-29', '15:00:00', '2017-03-29 23:26:20'),
('58da8d7be316b', 'edwin', 'A1', '2017-03-31', '12:51:00', '2017-03-29 23:21:19'),
('58da8d7be316b', 'edwin', 'A1', '2017-03-31', '12:51:00', '2017-03-29 23:18:17'),
('58da8d7be316b', 'edwin', 'A1', '2017-03-31', '12:51:00', '2017-03-29 23:18:16'),
('58da8d7be316b', 'edwin', 'A1', '2017-03-31', '12:51:00', '2017-03-29 23:18:15'),
('58da8d7be316b', 'edwin', 'A1', '2017-03-31', '12:51:00', '2017-03-29 23:18:14'),
('58da8d7be316b', 'edwin', 'A1', '2017-03-31', '12:51:00', '2017-03-29 23:18:11'),
('58dbca8b1d89d', 'edwin', 'A1', '2017-03-31', '12:51:00', '2017-03-29 23:11:41'),
('58dbca8b1d89d', 'edwin', 'A1', '2017-03-31', '12:51:00', '2017-03-29 23:11:35'),
('58d34123e55f4', 'edwin', 'A4', '2017-03-23', '15:30:00', '2017-03-29 21:31:54'),
('58d34123e55f4', 'edwin', 'A4', '2017-03-23', '15:30:00', '2017-03-29 21:33:44'),
('58d34123e55f4', 'edwin', 'A4', '2017-03-23', '15:30:00', '2017-03-29 21:35:55'),
('58d34123e55f4', 'edwin', 'A2', '2017-03-23', '15:30:00', '2017-03-29 21:37:15'),
('58d34123e55f4', 'edwin', 'A2', '2017-03-23', '15:30:00', '2017-03-29 21:37:19'),
('58d34123e55f4', 'edwin', 'A2', '2017-03-23', '15:30:00', '2017-03-29 21:37:30'),
('58dc748769ecc', 'alangp', 'A4', '2017-03-31', '11:29:00', '2017-03-31 10:39:56'),
('58dc748769ecc', 'alangp', 'A4', '2017-03-31', '11:29:00', '2017-03-31 10:40:41'),
('58ddefcd2e90b', 'edwin', 'A1', '2017-04-01', '11:28:00', '2017-03-31 11:28:06'),
('58ddefcd2e90b', 'edwin', 'A1', '2017-04-01', '11:28:00', '2017-03-31 11:28:20'),
('58ddefcd2e90b', 'edwin', 'A1', '2017-04-01', '11:28:00', '2017-03-31 11:28:28'),
('58ddefcd2e90b', 'edwin', 'A1', '2017-04-01', '11:28:00', '2017-03-31 11:28:44'),
('58ddf63f02269', 'alangp', 'A2', '2017-04-01', '12:30:00', '2017-03-31 12:02:24'),
('58ddf63f02269', 'alangp', 'A2', '2017-04-01', '12:30:00', '2017-03-31 12:02:58'),
('58ddf87746f12', 'edwin', 'A1', '2017-03-31', '06:05:00', '2017-03-31 12:05:44'),
('58ddf63f02269', 'alangp', 'A2', '2017-04-01', '12:30:00', '2017-03-31 12:07:22'),
('58ddf63f02269', 'alangp', 'A2', '2017-04-01', '12:30:00', '2017-03-31 12:08:46'),
('58ddf87746f12', 'edwin', 'A1', '2017-03-31', '06:05:00', '2017-03-31 12:10:38'),
('58ddf63f02269', 'alangp', 'A2', '2017-04-01', '12:30:00', '2017-03-31 12:12:28'),
('58ddf63f02269', 'alangp', 'A2', '2017-04-01', '12:30:00', '2017-03-31 12:15:06'),
('58de0bb8a3942', 'alangp', 'A1', '2017-04-01', '06:00:00', '2017-03-31 13:28:44'),
('58de100fc6be9', 'alangp', 'A1', '2017-03-31', '13:45:00', '2017-03-31 13:45:41'),
('58de1065406e6', 'alangp', 'A2', '2017-03-31', '13:47:00', '2017-03-31 13:46:58'),
('58de10b004ad1', 'alangp', 'A1', '2017-03-31', '13:48:00', '2017-03-31 13:48:09'),
('58de10b004ad1', 'alangp', 'A1', '2017-03-31', '13:48:00', '2017-03-31 14:50:52'),
('58de10b004ad1', 'alangp', 'A1', '2017-03-31', '13:48:00', '2017-03-31 15:35:09'),
('58de10b004ad1', 'alangp', 'A1', '2017-03-31', '13:48:00', '2017-03-31 15:35:29'),
('58de10b004ad1', 'alangp', 'A1', '2017-03-31', '13:48:00', '2017-03-31 15:36:13'),
('58de10b004ad1', 'alangp', 'A1', '2017-03-31', '13:48:00', '2017-04-01 15:19:17'),
('58df78eeb5b7d', 'alangp', 'A2', '2017-04-01', '15:25:00', '2017-04-01 15:53:19'),
('58df78eeb5b7d', 'alangp', 'A2', '2017-04-01', '15:25:00', '2017-04-01 15:53:46'),
('58e0d426a93db', 'alangp', 'A1', '2017-04-02', '16:06:00', '2017-04-02 16:06:51'),
('58e0d426a93db', 'alangp', 'A1', '2017-04-02', '16:06:00', '2017-04-02 16:07:33'),
('58e0d426a93db', 'alangp', 'A1', '2017-04-02', '16:06:00', '2017-04-02 16:08:51'),
('58e0d426a93db', 'alangp', 'A1', '2017-04-02', '16:06:00', '2017-04-02 16:09:00'),
('58e0d426a93db', 'alangp', 'A1', '2017-04-02', '16:06:00', '2017-04-02 16:10:44'),
('58e0d426a93db', 'alangp', 'A1', '2017-04-02', '16:06:00', '2017-04-02 16:13:20'),
('58e0d426a93db', 'alangp', 'A1', '2017-04-02', '16:06:00', '2017-04-02 16:14:43'),
('58e0d426a93db', 'alangp', 'A1', '2017-04-02', '16:06:00', '2017-04-02 16:16:55'),
('58e0e09247f4e', 'alangp', 'A1', '2017-04-02', '06:00:00', '2017-04-02 17:10:19'),
('58e0e09247f4e', 'alangp', 'A1', '2017-04-02', '06:00:00', '2017-04-02 17:10:33'),
('58e0e09247f4e', 'alangp', 'A1', '2017-04-02', '06:00:00', '2017-04-02 17:14:40'),
('58e0e09247f4e', 'alangp', 'A1', '2017-04-02', '06:00:00', '2017-04-02 17:16:33'),
('58e0e09247f4e', 'alangp', 'A1', '2017-04-02', '06:00:00', '2017-04-02 17:18:11'),
('58e0e09247f4e', 'alangp', 'A1', '2017-04-02', '06:00:00', '2017-04-02 17:20:41'),
('58e0e09247f4e', 'alangp', 'A1', '2017-04-02', '06:00:00', '2017-04-02 17:22:07'),
('58e0e6311e6ae', 'alangp', 'A2', '2017-04-02', '06:15:00', '2017-04-02 17:23:43'),
('58e0e6311e6ae', 'alangp', 'A2', '2017-04-02', '06:15:00', '2017-04-02 17:27:06'),
('58e0e6311e6ae', 'alangp', 'A2', '2017-04-02', '06:15:00', '2017-04-02 17:27:23'),
('58e0e6311e6ae', 'alangp', 'A2', '2017-04-02', '06:15:00', '2017-04-02 17:29:28'),
('58e0e6311e6ae', 'alangp', 'A2', '2017-04-02', '06:15:00', '2017-04-02 17:30:46'),
('58e0e6311e6ae', 'alangp', 'A2', '2017-04-02', '06:15:00', '2017-04-02 17:45:33'),
('58e0ebe12cc62', 'alangp', 'A1', '2017-04-04', '05:00:00', '2017-04-02 17:48:27'),
('58e0ebe12cc62', 'alangp', 'A1', '2017-04-04', '05:00:00', '2017-04-02 17:50:13'),
('58e0ecc7e996f', 'alangp', 'A1', '2017-04-03', '03:00:00', '2017-04-02 17:51:46'),
('58e0ed1cf105b', 'alangp', 'A2', '2017-04-03', '09:00:00', '2017-04-02 17:53:11'),
('58e0ed1cf105b', 'alangp', 'A2', '2017-04-03', '09:00:00', '2017-04-02 17:56:10'),
('58e0ee5db82d5', 'alangp', 'A1', '2017-04-05', '17:58:00', '2017-04-02 17:58:34'),
('58e0ee5db82d5', 'alangp', 'A1', '2017-04-05', '17:58:00', '2017-04-02 18:01:30'),
('58e0ee5db82d5', 'alangp', 'A1', '2017-04-05', '17:58:00', '2017-04-02 18:02:43'),
('58e0ee5db82d5', 'alangp', 'A1', '2017-04-05', '17:58:00', '2017-04-02 19:01:49'),
('58da8d7be316b', 'edwin', 'A1', '2017-03-31', '12:51:00', '2017-04-03 19:29:29'),
('58e2ef9ed43e4', 'alangp', 'A2', '2017-04-05', '12:30:00', '2017-04-04 12:04:20'),
('58e2ef9ed43e4', 'alangp', 'A2', '2017-04-05', '12:30:00', '2017-04-04 14:42:17'),
('58e2ef9ed43e4', 'alangp', 'A2', '2017-04-05', '12:30:00', '2017-04-04 14:45:42'),
('58e2ef9ed43e4', 'alangp', 'A2', '2017-04-05', '12:30:00', '2017-04-04 14:48:08'),
('', 'A1-alangp', '', '1970-01-01', '05:30:00', '2017-04-04 15:07:38'),
('58e3695a4b14d', 'alangp', 'A1', '2017-04-07', '15:08:00', '2017-04-04 15:07:48'),
('58e36c8705dab', 'alangp', 'A1', '2017-04-05', '12:30:00', '2017-04-04 15:35:32'),
('58e377e9c6a72', 'alangp', 'A1', '2017-04-09', '12:30:00', '2017-04-04 16:10:16'),
('58e377e9c6a72', 'alangp', 'A1', '2017-04-09', '12:30:00', '2017-04-04 16:10:33'),
('58e37854bd095', 'alangp', 'A2', '2017-04-11', '12:15:00', '2017-04-04 16:11:44'),
('58e37854bd095', 'alangp', 'A2', '2017-04-11', '12:15:00', '2017-04-04 16:13:26'),
('58e37854bd095', 'alangp', 'A2', '2017-04-11', '12:15:00', '2017-04-04 16:15:32'),
('58e37854bd095', 'alangp', 'A2', '2017-04-11', '12:15:00', '2017-04-04 16:19:29'),
('58e37854bd095', 'alangp', 'A2', '2017-04-11', '12:15:00', '2017-04-04 18:54:24'),
('58e37854bd095', 'alangp', 'A2', '2017-04-11', '12:15:00', '2017-04-04 18:54:59'),
('58da8d7be316b', 'edwin', 'A1', '2017-03-31', '12:51:00', '2017-04-05 06:00:29'),
('58da8d7be316b', 'edwin', 'A1', '2017-03-31', '12:51:00', '2017-04-05 06:04:35'),
('58da8d7be316b', 'edwin', 'A1', '2017-03-31', '12:51:00', '2017-04-05 06:05:48'),
('58e43cbf03204', 'edwin', 'A1', '2017-04-08', '09:00:00', '2017-04-05 06:11:14'),
('58e43cbf03204', 'edwin', 'A1', '2017-04-08', '09:00:00', '2017-04-05 06:12:29'),
('58e372962f96d', 'alangp', 'A1', '2017-04-07', '06:00:00', '2017-04-05 06:17:49'),
('58e4f4f43dce2', 'alangp', 'A1', '2017-04-05', '03:00:00', '2017-04-06 15:09:01'),
('58e60cfe6421c', 'alangp', 'A1', '2017-04-06', '04:10:00', '2017-04-06 15:11:18'),
('58e60dea6f300', 'alangp', 'A1', '2017-04-08', '03:00:00', '2017-04-06 15:16:33'),
('58e60effe61bb', 'alangp', 'A1', '2017-04-16', '15:19:00', '2017-04-06 15:19:07'),
('58e60f5597fce', 'alangp', 'A1', '2017-04-22', '15:20:00', '2017-04-06 15:20:31'),
('58e60f9ba0958', 'alangp', 'A1', '2017-04-28', '15:21:00', '2017-04-06 15:21:44'),
('58e6100cbce93', 'alangp', 'A1', '2017-04-06', '12:29:00', '2017-04-06 15:23:41'),
('58e6109e5c8bd', 'alangp', 'A1', '2017-04-25', '08:26:00', '2017-04-06 15:25:59'),
('58e610c4be392', 'alangp', 'A1', '2017-04-20', '15:26:00', '2017-04-06 15:27:09'),
('58e611860367c', 'alangp', 'A1', '2017-04-21', '03:30:00', '2017-04-06 15:30:04'),
('58e6123305d2f', 'alangp', 'A1', '2017-04-22', '03:33:00', '2017-04-06 15:32:50'),
('58e6128346abf', 'alangp', 'A1', '2017-04-27', '15:34:00', '2017-04-06 15:34:08'),
('58e613de5274f', 'alangp', 'A1', '2017-04-30', '03:40:00', '2017-04-06 15:40:15'),
('58e6143bb0fbf', 'alangp', 'A2', '2017-04-30', '03:41:00', '2017-04-06 15:41:28'),
('58e61482ef682', 'alangp', 'A1', '2017-04-12', '15:42:00', '2017-04-06 15:42:48'),
('58e617f3857b0', 'alangp', 'A2', '2017-04-08', '03:57:00', '2017-04-06 17:03:36'),
('58e63681db04d', 'alangp', 'A2', '2017-04-06', '18:07:00', '2017-04-06 18:11:00'),
('58e637cf2ad71', 'alangp', 'A1', '2017-04-28', '18:13:00', '2017-04-06 18:13:28'),
('58e63934f2654', 'alangp', 'A1', '2017-04-23', '09:19:00', '2017-04-06 18:19:27'),
('58e63afa987fb', 'alangp', 'A1', '2017-04-08', '00:30:00', '2017-04-06 18:26:52'),
('58e63b8f44cbd', 'alangp', 'A1', '2017-05-01', '06:00:00', '2017-04-06 18:29:15'),
('58e63d1e44fc7', 'alangp', 'A1', '2017-04-29', '01:30:00', '2017-04-06 18:36:33'),
('58e63e3f23016', 'alangp', 'A1', '2017-05-19', '18:40:00', '2017-04-06 18:40:46'),
('58e6405e9c3ba', 'alangp', 'A1', '2017-05-15', '03:00:00', '2017-04-06 18:49:50'),
('58e6419c9a48f', 'alangp', 'A1', '2017-05-02', '18:55:00', '2017-04-06 18:55:09'),
('58e64288020ef', 'alangp', 'A1', '2017-04-07', '18:59:00', '2017-04-06 18:58:59'),
('58e6435458499', 'alangp', 'A1', '2017-05-12', '03:30:00', '2017-04-06 19:02:41'),
('58e6439733ac5', 'alangp', 'A1', '2017-04-21', '18:00:00', '2017-04-06 19:03:45'),
('58e643f4c450e', 'georgephilip', 'A1', '2017-06-10', '09:00:00', '2017-04-06 20:13:49'),
('58e654aa6291f', 'georgephilip', 'A1', '2017-06-12', '12:30:00', '2017-04-06 20:16:43'),
('58e654e5edf46', 'georgephilip', 'A1', '2017-06-24', '20:17:00', '2017-04-06 20:17:25'),
('58e6554d91e33', 'georgephilip', 'A1', '2017-07-06', '20:19:00', '2017-04-06 20:19:05'),
('58e656929ab0a', 'alangp', 'A1', '2017-05-25', '20:24:00', '2017-04-06 20:24:32'),
('58eb94e44c75f', 'alangp', 'A1', '2017-04-10', '12:51:00', '2017-04-10 19:51:53'),
('58eb952c5cedb', 'alangp', 'A1', '2017-04-11', '12:53:00', '2017-04-10 19:53:10'),
('58eb956c779de', 'alangp', 'A1', '2017-04-12', '19:54:00', '2017-04-10 19:54:03'),
('58ebb0eb5fb58', 'alangp', 'A1', '2017-04-23', '12:30:00', '2017-04-10 21:51:21'),
('58ebb1201bcc6', 'alangp', 'A1', '2017-04-13', '21:52:00', '2017-04-10 21:52:15'),
('58ebb18a13bff', 'alangp', 'A1', '2017-04-15', '12:30:00', '2017-04-10 21:54:45'),
('58ebb20baef46', 'alangp', 'A1', '2017-04-27', '12:29:00', '2017-04-10 21:56:10'),
('58ec2e905b5d4', 'alangp', 'A1', '2017-04-11', '03:00:00', '2017-04-11 06:47:54'),
('58ec2ef2c217c', 'alangp', 'A1', '2017-04-11', '04:10:00', '2017-04-11 06:49:07'),
('58ec2f67dcd97', 'alangp', 'A1', '2017-04-11', '05:15:00', '2017-04-11 06:51:09'),
('58ec304f915b6', 'alangp', 'A2', '2017-04-11', '03:55:00', '2017-04-11 06:55:00'),
('58ec309315402', 'alangp', 'A2', '2017-04-11', '06:56:00', '2017-04-11 06:56:04'),
('58ec310489014', 'alangp', 'A2', '2017-04-12', '06:58:00', '2017-04-11 06:57:55'),
('58ec9afa6e440', 'alangp', 'A1', '2017-04-20', '12:30:00', '2017-04-11 14:30:06'),
('58ec9f4775906', 'edwin', 'A2', '2017-04-14', '06:00:00', '2017-04-11 14:49:14'),
('58eca775a90b7', 'alangp', 'A1', '2017-04-13', '15:23:00', '2017-04-11 15:23:19'),
('58eca87a63b6f', 'alangp', 'A1', '2017-04-14', '12:30:00', '2017-04-11 15:27:54'),
('58eca8ec8cae4', 'alangp', 'A1', '2017-04-14', '03:30:00', '2017-04-11 15:29:28'),
('58ecae9190d81', 'alangp', 'A2', '2017-04-21', '12:15:00', '2017-04-11 15:53:31'),
('58ecb0d4b987a', 'alangp', 'A1', '2017-04-15', '16:03:00', '2017-04-11 16:03:14'),
('58ecb16d2efaf', 'alangp', 'A1', '2017-05-11', '06:00:00', '2017-04-11 16:06:00'),
('58ecb71de4b34', 'alangp', 'A1', '2017-05-01', '12:30:00', '2017-04-11 16:31:32');

-- --------------------------------------------------------

--
-- Table structure for table `registration`
--

CREATE TABLE IF NOT EXISTS `registration` (
  `name` varchar(20) DEFAULT NULL,
  `email` varchar(40) DEFAULT NULL,
  `age` int(20) DEFAULT NULL,
  `username` varchar(20) NOT NULL,
  `passwd` varchar(20) DEFAULT NULL,
  PRIMARY KEY (`username`),
  UNIQUE KEY `email` (`email`)
) ENGINE=MyISAM DEFAULT CHARSET=latin1;

--
-- Dumping data for table `registration`
--

INSERT INTO `registration` (`name`, `email`, `age`, `username`, `passwd`) VALUES
('Arjun', 'arjunm@gmail.com', 21, 'arjun', 'arjun123'),
('edw', 'babuedwin@hotmail.com', 22, 'edw', 'qwerty123'),
('Edwin Babu', 'edwinbbu@gmail.com', 22, 'edwin', 'edwin123'),
('Alan George Philip', 'philipalbin@gmail.com', 22, 'alangp', 'philip66'),
('albin thomas philip', 'atp@gmail.com', 15, 'albitp', 'albinthomas'),
('albin thomas philip', 'albintp@gmail.com', 15, 'albinthomas', 'atp'),
('ashwin', 'ashwin123', 35, 'ahhh', 'qwertyuio'),
('hasba habeeb', 'sabi7habi7@gmail.com', 21, 'hasba', 'hasba123'),
('Kevin Joshy', 'mr.hacr@gmail.com', 22, 'kevin', 'kevin123'),
('Albin', 'anniegp@eim.ae', 25, 'georgephilip', 'philip66'),
('manu', 'manuvm317@gmail', 54, 'manu', 'qwerty123456');

-- --------------------------------------------------------

--
-- Table structure for table `vehicle`
--

CREATE TABLE IF NOT EXISTS `vehicle` (
  `username` varchar(20) COLLATE utf8_unicode_ci NOT NULL,
  `vehicle_brand1` varchar(20) COLLATE utf8_unicode_ci DEFAULT NULL,
  `vehicle_name1` varchar(20) COLLATE utf8_unicode_ci DEFAULT NULL,
  `vehicle_brand2` varchar(20) COLLATE utf8_unicode_ci DEFAULT NULL,
  `vehicle_name2` varchar(20) COLLATE utf8_unicode_ci DEFAULT NULL,
  PRIMARY KEY (`username`)
) ENGINE=MyISAM DEFAULT CHARSET=utf8 COLLATE=utf8_unicode_ci;

--
-- Dumping data for table `vehicle`
--

INSERT INTO `vehicle` (`username`, `vehicle_brand1`, `vehicle_name1`, `vehicle_brand2`, `vehicle_name2`) VALUES
('edwin', 'Suzuki - WagonR', 'KL 08 BK7854', '', ''),
('albin', 'ho', 'hajak', '', ''),
('alangphilip', 'Honda', 'kl 41 k1617', '', ''),
('john@123', 'mercedes benz', 'kl 41k 1814', '', ''),
('albin@gmail', 'honda amaze', 'kj57', '', ''),
('gmunicorn ', 'Mercedes Benz', 'KL 42K 5678', '', ''),
('alangp77', 'Renault duster', 'kl 41k 1814', '', ''),
('ashwin', 'Suzuki Ritz', 'kl 41h 1856', '', ''),
('albinthomas', '', '', '', ''),
('alangp', 'Honda city', 'kl 41h 1814', '', ''),
('gphilip', 'honda civic', '1814', '', ''),
('hasba', 'honda', 'KL07BR6777', 'maruti', 'KL4649'),
('arjun', 'Volkswagen', 'kl 42k 3056', '', ''),
('edw', 'Honda Accord', 'KL08 BK8955', '', ''),
('kevin', 'Lamborghini', 'KEVJO666', '', ''),
('georgephilip', 'Honda', 'amaze', '', ''),
('manu', 'ford', '1234', '', '');

-- --------------------------------------------------------

--
-- Table structure for table `wallet`
--

CREATE TABLE IF NOT EXISTS `wallet` (
  `username` varchar(20) COLLATE utf8_unicode_ci NOT NULL,
  `balance` int(10) DEFAULT NULL,
  PRIMARY KEY (`username`)
) ENGINE=MyISAM DEFAULT CHARSET=utf8 COLLATE=utf8_unicode_ci;

--
-- Dumping data for table `wallet`
--

INSERT INTO `wallet` (`username`, `balance`) VALUES
('alangp77', 2740),
('ashwin', 6770),
('albinthomas', 100),
('', 100),
('edwin', 2690),
('albitp', 100),
('alangp', 30),
('gphilip', 60),
('hasba', 160),
('ahhh', 100),
('arjun', 100),
('edw', 100),
('kevin', 1020),
('georgephilip', 0),
('manu', 100);

/*!40101 SET CHARACTER_SET_CLIENT=@OLD_CHARACTER_SET_CLIENT */;
/*!40101 SET CHARACTER_SET_RESULTS=@OLD_CHARACTER_SET_RESULTS */;
/*!40101 SET COLLATION_CONNECTION=@OLD_COLLATION_CONNECTION */;
